Variant SKU,Variant Price,Variant Inventory Tracker,Variant Inventory Policy
1S31WDMD,52.40,,continue
1S33NAMD,52.40,,continue
1S33RGMD,52.40,,continue
1S33RGXS,52.40,,continue
1S33SNMD,52.40,,continue
1S33SNSH,52.40,,continue
1S33SRMD,52.40,,continue
1S33SRSH,52.40,,continue
1S33SRXS,52.40,,continue
1S33SWLG,52.40,,continue
1S33SWMD,52.40,,continue
1S33SWSH,52.40,,continue
1S33WDMD,52.40,,continue
1S35NAMD,52.40,,continue
1S35RGMD,52.40,,continue
1S35RGXS,52.40,,continue
1S35SNMD,52.40,,continue
1S35SNSH,52.40,,continue
1S35SRMD,52.40,,continue
1S35SRSH,52.40,,continue
1S35SRXS,52.40,,continue
1S35SWLG,52.40,,continue
1S35SWMD,52.40,,continue
1S35SWSH,52.40,,continue
1S35WDMD,52.40,,continue
1S3SNAMD,52.40,,continue
1S3SNASH,52.40,,continue
1S3SRGMD,52.40,,continue
1S3SRGSH,52.40,,continue
1S3SRGXS,52.40,,continue
1S3SWDMD,52.40,,continue
1S3SWDSH,52.40,,continue
453A30=1,201.10,,continue
453A30=1-0,201.10,,continue
453A30=1-7,201.10,,continue
453A30=2,201.10,,continue
453A30=2-0,201.10,,continue
453A30=2-7,201.10,,continue
453A30=3,201.10,,continue
453A30=3-0,201.10,,continue
453A30=3-7,201.10,,continue
AKC-2634-E,435.20,,continue
AKC-2636-E,435.20,,continue
AKC-2637-E,435.20,,continue
AKC-2638-E,435.20,,continue
AKL-2634-X,533.60,,continue
AKL-2636-X,533.60,,continue
AKL-2637-X,533.60,,continue
AKL-2638-X,533.60,,continue
ALC-5130-E,435.20,,continue
ALC-5133-E,435.20,,continue
ALC-5134-E,435.20,,continue
ALC-5136-E,435.20,,continue
ALC-5137-E,435.20,,continue
ALC-5138-E,435.20,,continue
ALC-5160-E,435.20,,continue
ALC-5163-E,435.20,,continue
ALC-5164-E,435.20,,continue
ALC-5166-E,435.20,,continue
ALC-5167-E,435.20,,continue
ALC-5168-E,435.20,,continue
ALC-5190-E,435.20,,continue
ALC-5193-E,435.20,,continue
ALC-5194-E,435.20,,continue
ALC-5196-E,435.20,,continue
ALC-5197-E,435.20,,continue
ALC-5198-E,435.20,,continue
ALC-5430-E,435.20,,continue
ALC-5433-E,435.20,,continue
ALC-5434-E,435.20,,continue
ALC-5436-E,435.20,,continue
ALC-5437-E,435.20,,continue
ALC-5438-E,435.20,,continue
ALC-5460-E,435.20,,continue
ALC-5464-E,435.20,,continue
ALC-5466-E,435.20,,continue
ALC-5467-E,435.20,,continue
ALC-5468-E,435.20,,continue
ALC-5490-E,435.20,,continue
ALC-5494-E,435.20,,continue
ALC-5496-E,435.20,,continue
ALC-5498-E,435.20,,continue
ALC-5830-X,435.20,,continue
ALC-5833-X,435.20,,continue
ALC-5834-X,435.20,,continue
ALC-5836-X,435.20,,continue
ALC-5837-X,435.20,,continue
ALC-5838-X,435.20,,continue
ALC-5860-X,435.20,,continue
ALC-5863-X,435.20,,continue
ALC-5864-X,435.20,,continue
ALC-5866-X,435.20,,continue
ALC-5867-X,435.20,,continue
ALC-5868-X,435.20,,continue
ALC-5890-X,435.20,,continue
ALC-5893-X,435.20,,continue
ALC-5894-X,435.20,,continue
ALC-5896-X,435.20,,continue
ALC-5897-X,435.20,,continue
ALC-5898-X,435.20,,continue
ALL-5130-E,533.60,,continue
ALL-5133-E,533.60,,continue
ALL-5134-E,533.60,,continue
ALL-5136-E,533.60,,continue
ALL-5137-E,533.60,,continue
ALL-5138-E,533.60,,continue
ALL-5160-E,533.60,,continue
ALL-5163-E,533.60,,continue
ALL-5164-E,533.60,,continue
ALL-5166-E,533.60,,continue
ALL-5167-E,533.60,,continue
ALL-5168-E,533.60,,continue
ALL-5190-E,533.60,,continue
ALL-5193-E,533.60,,continue
ALL-5194-E,533.60,,continue
ALL-5196-E,533.60,,continue
ALL-5197-E,533.60,,continue
ALL-5198-E,533.60,,continue
ALL-5430-E,533.60,,continue
ALL-5433-E,533.60,,continue
ALL-5434-E,533.60,,continue
ALL-5436-E,533.60,,continue
ALL-5437-E,533.60,,continue
ALL-5438-E,533.60,,continue
ALL-5460-E,533.60,,continue
ALL-5463-E,533.60,,continue
ALL-5464-E,533.60,,continue
ALL-5466-E,533.60,,continue
ALL-5467-E,533.60,,continue
ALL-5468-E,533.60,,continue
ALL-5490-E,533.60,,continue
ALL-5494-E,533.60,,continue
ALL-5496-E,533.60,,continue
ALL-5498-E,533.60,,continue
ALL-5830-X,533.60,,continue
ALL-5833-X,533.60,,continue
ALL-5834-X,533.60,,continue
ALL-5836-X,533.60,,continue
ALL-5837-X,533.60,,continue
ALL-5838-X,533.60,,continue
ALL-5860-X,533.60,,continue
ALL-5863-X,533.60,,continue
ALL-5864-X,533.60,,continue
ALL-5866-X,533.60,,continue
ALL-5867-X,533.60,,continue
ALL-5868-X,533.60,,continue
ALL-5890-X,533.60,,continue
ALL-5893-X,533.60,,continue
ALL-5894-X,533.60,,continue
ALL-5896-X,533.60,,continue
ALL-5897-X,533.60,,continue
ALL-5898-X,533.60,,continue
ELDT-16-3HP,326.80,,continue
ELDT-16-6HP,326.80,,continue
ELDT-20-3HP,326.80,,continue
ELDT-20-6HP,326.80,,continue
ELDT-24-3HP,326.80,,continue
ELDT-24-6HP,326.80,,continue
ELDT-24-9,326.80,,continue
ELDT-26-3HP,326.80,,continue
ELDT-26-6HP,326.80,,continue
ELDT-28-3HP,326.80,,continue
ELDT-28-6HP,326.80,,continue
ELDT-28-9,326.80,,continue
ELDT-32-3HP,326.80,,continue
ELDT-32-6HP,326.80,,continue
ELDT-38-3HP,326.80,,continue
ELDT-38-6HP,326.80,,continue
ELDT-44-3HP,326.80,,continue
ELDT-44-6HP,326.80,,continue
ELDT35-3 HP,326.80,,continue
ELDT35-6 HP,326.80,,continue
ELFR-10-3,326.80,,continue
ELFR-10-6,326.80,,continue
ELFR-16-3,326.80,,continue
ELFR-16-6,326.80,,continue
ELFR-20-3,326.80,,continue
ELFR-20-6,326.80,,continue
ELFR-24-3,326.80,,continue
ELFR-24-6,326.80,,continue
ELFR-24-9,326.80,,continue
ELFR-26-3,326.80,,continue
ELFR-26-6,326.80,,continue
ELFR-28-3,326.80,,continue
ELFR-28-6,326.80,,continue
ELFR-28-9,326.80,,continue
ELFR-32-3,326.80,,continue
ELFR-32-6,326.80,,continue
ELFR-38-3,326.80,,continue
ELFR-38-6 HP,344.00,,continue
ELFR-44-3,326.80,,continue
ELFR-44-6,326.80,,continue
ELFR35-3 HP,326.80,,continue
ELFR35-6 HP,326.80,,continue
GPDT-XL,319.20,,continue
GPDT16-3,258.40,,continue
GPDT16-6,258.40,,continue
GPDT20-3,258.40,,continue
GPDT20-6,258.40,,continue
GPDT24-3,258.40,,continue
GPDT24-6,258.40,,continue
GPDT26-3,258.40,,continue
GPDT26-6,258.40,,continue
GPDT28-3,258.40,,continue
GPDT28-6,258.40,,continue
GPDT32-3,258.40,,continue
GPDT32-6,258.40,,continue
GPDT35-3,258.40,,continue
GPDT35-6,258.40,,continue
GPDT38-3,258.40,,continue
GPDT38-6,258.40,,continue
GPDT44-3,258.40,,continue
GPDT44-6,258.40,,continue
GPFR16-3,258.40,,continue
GPFR16-6,258.40,,continue
GPFR20-3,258.40,,continue
GPFR20-6,258.40,,continue
GPFR24-3,258.40,,continue
GPFR24-6,258.40,,continue
GPFR26-3,258.40,,continue
GPFR26-6,258.40,,continue
GPFR28-3,258.40,,continue
GPFR28-6,258.40,,continue
GPFR32-3,258.40,,continue
GPFR32-6,258.40,,continue
GPFR35-3,258.40,,continue
GPFR35-6,258.40,,continue
GPFR38-3,258.40,,continue
GPFR38-6,258.40,,continue
GPFR44-3,258.40,,continue
GPFR44-6,258.40,,continue
PO840,27.73,,continue
SL108,16.80,,continue
