Handle,Title,Body (HTML),Vendor,Product Category,Type,Tags,Published,Option1 Name,Option1 Value,Option2 Name,Option2 Value,Option3 Name,Option3 Value,Variant SKU,Variant Grams,Variant Inventory Tracker,Variant Inventory Qty,Variant Inventory Policy,Variant Fulfillment Service,Variant Price,Variant Compare At Price,Variant Requires Shipping,Variant Taxable,Variant Barcode,Image Src,Image Position,Image Alt Text,Gift Card,SEO Title,SEO Description,Status
alpha-classic-ak-cushion-liner,Alpha Classic Above-Knee Cushion Liner,"<h4>Product Overview</h4><p>The Alpha&reg; Classic Above-Knee (AK) Cushion Liner is designed for transfemoral prosthesis users seeking enhanced distal protection and adaptive pressure management.</p><p>The AK profile incorporates 9 mm of gel distally, tapering to 3 mm proximally, with an integrated gel pad that cushions the distal lateral femur. This configuration helps protect sensitive distal anatomy while accommodating uneven socket pressures.</p><p>Constructed from thermoplastic elastomer (TPE) enriched with medical-grade mineral oil and Vitamin E, the Classic Gel formulation features high flow and low rebound properties. The gel adapts dynamically to pressure changes while maintaining its shape over time.</p><p>This cushion version utilizes Spirit fabric, offering flexibility during donning and doffing and compatibility with Velcro&reg;-type suspension systems.</p><h4>Key Features &amp; Benefits</h4><ul><li>Designed for transfemoral (AK) prosthesis users</li><li>9 mm distal gel pad for femur protection</li><li>Gel tapers to 3 mm proximally</li><li>Mineral-oil&ndash;based gel with Vitamin E</li><li>High-flow gel adapts to socket pressures</li><li>Low rebound maintains consistent cushioning</li><li>Spirit fabric allows flexibility and secure suspension</li><li>Heat moldable for prosthetic adjustments</li><li>Latex-free and hypoallergenic</li><li>Made in the USA</li></ul><h4>Specifications</h4><ul><li>Profile: Above-Knee (AK)</li><li>Gel Thickness: 9 mm distal &rarr; 3 mm proximal</li><li>Fabric: Spirit</li><li>Suspension: Cushion (non-locking)</li><li>Color: Buff</li></ul><h4>Measuring Guide</h4><ul><li>Measure circumference at 4 cm from the distal end of the residual limb</li><li>Measure at 30 cm from the distal end</li><li>Confirm sizing with your prosthetist</li></ul><h4>Care Instructions</h4><ul><li>Clean gel side daily with lukewarm water and pH-balanced prosthetic cleanser</li><li>Do not scrub gel or fabric surfaces</li><li>Rinse thoroughly and dry with a lint-free cloth</li><li>Disinfect weekly using ethyl alcohol spray, rinse, and dry</li></ul>",WillowWood,,Prosthetic Liner,"liner, cushion, above-knee, ak, alpha, willowwood, prosthetic",TRUE,Size,Medium+,,,,,AKC-2634-E,500,,,continue,manual,571.20,,TRUE,TRUE,,https://willowwood.com/wp-content/uploads/2024/04/Alpha-Classic-AK-Cushion-Main-Image.png,1,Alpha Classic AK Cushion Liner - Main,FALSE,Alpha Classic Above-Knee Cushion Liner | AmpuMe,Shop Alpha Classic Above-Knee Cushion Liner at AmpuMe. Quality prosthetic supplies shipped to your door.,active
alpha-classic-ak-cushion-liner,,,,,,,,,Large,,,,,AKC-2636-E,500,,,continue,manual,571.20,,TRUE,TRUE,,,,,,,,
alpha-classic-ak-cushion-liner,,,,,,,,,X-Large,,,,,AKC-2637-E,500,,,continue,manual,571.20,,TRUE,TRUE,,,,,,,,
alpha-classic-ak-cushion-liner,,,,,,,,,Large+,,,,,AKC-2638-E,500,,,continue,manual,571.20,,TRUE,TRUE,,,,,,,,
alpha-classic-ak-cushion-liner,,,,,,,,,,,,,,,,,,continue,,,,,,,https://willowwood.com/wp-content/uploads/2024/04/Alpha-Classic-AK-Cushion-Buff-Image.png,2,Alpha Classic AK Cushion Liner - Buff,,,,
alpha-classic-ak-cushion-liner,,,,,,,,,,,,,,,,,,continue,,,,,,,https://willowwood.com/wp-content/uploads/2024/04/Alpha-Classic-AK-Cushion-Dark-Gray-Image.png,3,Alpha Classic AK Cushion Liner - Dark Gray,,,,
alpha-classic-ak-cushion-liner,,,,,,,,,,,,,,,,,,continue,,,,,,,https://willowwood.com/wp-content/uploads/2024/05/AK-Profile.webp,4,Above-Knee Liner Profile,,,,
alpha-classic-ak-locking-liner,Alpha Classic Above-Knee Locking Liner,"<h4>Product Overview</h4><p>The Alpha&reg; Classic Above-Knee (AK) Locking Liner is designed for transfemoral users who utilize a pin-lock suspension system.</p><p>It features a 9 mm distal to 3 mm proximal AK gel profile, providing enhanced distal femur cushioning and adaptive pressure distribution.</p><p>Constructed from thermoplastic elastomer (TPE) enriched with medical-grade mineral oil and Vitamin E, the Classic Gel formulation features high flow and low rebound properties.</p><p>This locking version uses MAX fabric (one-way stretch) to reduce vertical pistoning and enhance suspension stability within the socket.</p><h4>Key Features &amp; Benefits</h4><ul><li>Designed for transfemoral (AK) prosthesis users</li><li>9 mm distal gel pad for femur protection</li><li>Gel tapers to 3 mm proximally</li><li>Compatible with pin-lock suspension systems</li><li>MAX fabric reduces vertical pistoning</li><li>Mineral-oil&ndash;based gel with Vitamin E</li><li>High-flow gel adapts to pressure changes</li><li>Low rebound maintains shape</li><li>Heat moldable for prosthetic adjustments</li><li>Latex-free and hypoallergenic</li><li>Made in the USA</li></ul><h4>Specifications</h4><ul><li>Profile: Above-Knee (AK)</li><li>Gel Thickness: 9 mm distal &rarr; 3 mm proximal</li><li>Fabric: MAX (one-way stretch)</li><li>Suspension: Locking (pin compatible)</li><li>Color: Buff</li></ul><h4>Measuring Guide</h4><ul><li>Measure circumference at 4 cm and 30 cm from distal end</li><li>Confirm sizing with your prosthetist</li></ul><h4>Care Instructions</h4><ul><li>Clean daily with lukewarm water and pH-balanced cleanser</li><li>Do not scrub surfaces</li><li>Rinse thoroughly and dry completely</li><li>Disinfect weekly with ethyl alcohol spray</li></ul>",WillowWood,,Prosthetic Liner,"liner, locking, above-knee, ak, alpha, willowwood, prosthetic",TRUE,Size,Medium+,,,,,AKL-2634-X,500,,,continue,manual,700.35,,TRUE,TRUE,,https://willowwood.com/wp-content/uploads/2024/04/Alpha-Classic-AK-Locking-Main-Image.png,1,Alpha Classic AK Locking Liner - Main,FALSE,Alpha Classic Above-Knee Locking Liner | AmpuMe,Shop Alpha Classic Above-Knee Locking Liner at AmpuMe. Quality prosthetic supplies shipped to your door.,active
alpha-classic-ak-locking-liner,,,,,,,,,Large,,,,,AKL-2636-X,500,,,continue,manual,700.35,,TRUE,TRUE,,,,,,,,
alpha-classic-ak-locking-liner,,,,,,,,,X-Large,,,,,AKL-2637-X,500,,,continue,manual,700.35,,TRUE,TRUE,,,,,,,,
alpha-classic-ak-locking-liner,,,,,,,,,Large+,,,,,AKL-2638-X,500,,,continue,manual,700.35,,TRUE,TRUE,,,,,,,,
alpha-classic-ak-locking-liner,,,,,,,,,,,,,,,,,,continue,,,,,,,https://willowwood.com/wp-content/uploads/2024/04/Alpha-Classic-AK-Locking-Buff-Image.png,2,Alpha Classic AK Locking Liner - Buff,,,,
alpha-classic-ak-locking-liner,,,,,,,,,,,,,,,,,,continue,,,,,,,https://willowwood.com/wp-content/uploads/2024/04/Alpha-Classic-AK-Locking-Dark-Gray-Image.png,3,Alpha Classic AK Locking Liner - Dark Gray,,,,
alpha-classic-ak-locking-liner,,,,,,,,,,,,,,,,,,continue,,,,,,,https://willowwood.com/wp-content/uploads/2024/05/AK-Profile.webp,4,Above-Knee Liner Profile,,,,
alpha-classic-bk-cushion-liner,Alpha Classic Below-Knee Cushion Liner,"<h4>Product Overview</h4><p>The Alpha&reg; Classic Below-Knee (BK) Cushion Liner is designed for transtibial prosthesis users seeking adaptive pressure distribution and durable comfort.</p><p>Constructed from thermoplastic elastomer (TPE) enriched with medical-grade mineral oil and Vitamin E, the Classic Gel formulation features high flow and low rebound properties.</p><p>Below-knee liners are available in 3 mm, 6 mm, and 9 mm gel thickness options, with 3 mm thickness along the posterior (back) aspect of the liner.</p><h4>Key Features &amp; Benefits</h4><ul><li>Designed for transtibial (below-knee) prosthesis users</li><li>Available in 3 mm, 6 mm, and 9 mm gel thickness options</li><li>3 mm posterior thickness</li><li>Mineral-oil&ndash;based gel with Vitamin E</li><li>High-flow gel adapts to uneven socket pressures</li><li>Low rebound maintains shape consistency</li><li>Heat moldable for prosthetic customization</li><li>Compatible with other Alpha liners of same profile and thickness</li><li>Latex-free and hypoallergenic</li><li>Made in the USA</li></ul><h4>Fabric Options</h4><ul><li><strong>Original Fabric</strong> &ndash; Smooth finish, durable, supportive</li><li><strong>Spirit Fabric</strong> &ndash; Increased flexibility for easier donning and doffing</li><li><strong>MAX Fabric</strong> &ndash; Abrasion-resistant with unidirectional stretch to reduce pistoning</li></ul><h4>Specifications</h4><ul><li>Profile: Below-Knee (BK)</li><li>Suspension: Cushion (non-locking)</li><li>Available Gel Thicknesses: 3 mm, 6 mm, 9 mm</li><li>Posterior Thickness: 3 mm</li><li>Gel Type: Mineral-oil&ndash;based TPE</li></ul><h4>Measuring Guide</h4><ul><li>Measure circumference at 4 cm and 30 cm from distal end</li><li>Confirm sizing with your prosthetist</li></ul><h4>Care Instructions</h4><ul><li>Clean daily with lukewarm water and pH-balanced cleanser</li><li>Rinse and dry thoroughly</li><li>Disinfect weekly with ethyl alcohol spray</li><li>Do not scrub surfaces</li></ul>",WillowWood,,Prosthetic Liner,"liner, cushion, below-knee, bk, alpha, willowwood, prosthetic",TRUE,Fabric,Original,Thickness,3mm,Size,Medium,ALC-5130-E,500,,,continue,manual,571.20,,TRUE,TRUE,,https://willowwood.com/wp-content/uploads/2024/04/Alpha-Classic-BK-Cushion-Image.png,1,Alpha Classic BK Cushion Liner,FALSE,Alpha Classic Below-Knee Cushion Liner | AmpuMe,Shop Alpha Classic Below-Knee Cushion Liner at AmpuMe. Quality prosthetic supplies shipped to your door.,active
alpha-classic-bk-cushion-liner,,,,,,,,,Original,,3mm,,Small,ALC-5133-E,500,,,continue,manual,571.20,,TRUE,TRUE,,,,,,,,
alpha-classic-bk-cushion-liner,,,,,,,,,Original,,3mm,,Medium+,ALC-5134-E,500,,,continue,manual,571.20,,TRUE,TRUE,,,,,,,,
alpha-classic-bk-cushion-liner,,,,,,,,,Original,,3mm,,Large,ALC-5136-E,500,,,continue,manual,571.20,,TRUE,TRUE,,,,,,,,
alpha-classic-bk-cushion-liner,,,,,,,,,Original,,3mm,,X-Large,ALC-5137-E,500,,,continue,manual,571.20,,TRUE,TRUE,,,,,,,,
alpha-classic-bk-cushion-liner,,,,,,,,,Original,,3mm,,Large+,ALC-5138-E,500,,,continue,manual,571.20,,TRUE,TRUE,,,,,,,,
alpha-classic-bk-cushion-liner,,,,,,,,,Original,,6mm,,Medium,ALC-5160-E,500,,,continue,manual,571.20,,TRUE,TRUE,,,,,,,,
alpha-classic-bk-cushion-liner,,,,,,,,,Original,,6mm,,Small,ALC-5163-E,500,,,continue,manual,571.20,,TRUE,TRUE,,,,,,,,
alpha-classic-bk-cushion-liner,,,,,,,,,Original,,6mm,,Medium+,ALC-5164-E,500,,,continue,manual,571.20,,TRUE,TRUE,,,,,,,,
alpha-classic-bk-cushion-liner,,,,,,,,,Original,,6mm,,Large,ALC-5166-E,500,,,continue,manual,571.20,,TRUE,TRUE,,,,,,,,
alpha-classic-bk-cushion-liner,,,,,,,,,Original,,6mm,,X-Large,ALC-5167-E,500,,,continue,manual,571.20,,TRUE,TRUE,,,,,,,,
alpha-classic-bk-cushion-liner,,,,,,,,,Original,,6mm,,Large+,ALC-5168-E,500,,,continue,manual,571.20,,TRUE,TRUE,,,,,,,,
alpha-classic-bk-cushion-liner,,,,,,,,,Original,,9mm,,Medium,ALC-5190-E,500,,,continue,manual,571.20,,TRUE,TRUE,,,,,,,,
alpha-classic-bk-cushion-liner,,,,,,,,,Original,,9mm,,Small,ALC-5193-E,500,,,continue,manual,571.20,,TRUE,TRUE,,,,,,,,
alpha-classic-bk-cushion-liner,,,,,,,,,Original,,9mm,,Medium+,ALC-5194-E,500,,,continue,manual,571.20,,TRUE,TRUE,,,,,,,,
alpha-classic-bk-cushion-liner,,,,,,,,,Original,,9mm,,Large,ALC-5196-E,500,,,continue,manual,571.20,,TRUE,TRUE,,,,,,,,
alpha-classic-bk-cushion-liner,,,,,,,,,Original,,9mm,,X-Large,ALC-5197-E,500,,,continue,manual,571.20,,TRUE,TRUE,,,,,,,,
alpha-classic-bk-cushion-liner,,,,,,,,,Original,,9mm,,Large+,ALC-5198-E,500,,,continue,manual,571.20,,TRUE,TRUE,,,,,,,,
alpha-classic-bk-cushion-liner,,,,,,,,,Spirit,,3mm,,Medium,ALC-5430-E,500,,,continue,manual,571.20,,TRUE,TRUE,,,,,,,,
alpha-classic-bk-cushion-liner,,,,,,,,,Spirit,,3mm,,Small,ALC-5433-E,500,,,continue,manual,571.20,,TRUE,TRUE,,,,,,,,
alpha-classic-bk-cushion-liner,,,,,,,,,Spirit,,3mm,,Medium+,ALC-5434-E,500,,,continue,manual,571.20,,TRUE,TRUE,,,,,,,,
alpha-classic-bk-cushion-liner,,,,,,,,,Spirit,,3mm,,Large,ALC-5436-E,500,,,continue,manual,571.20,,TRUE,TRUE,,,,,,,,
alpha-classic-bk-cushion-liner,,,,,,,,,Spirit,,3mm,,X-Large,ALC-5437-E,500,,,continue,manual,571.20,,TRUE,TRUE,,,,,,,,
alpha-classic-bk-cushion-liner,,,,,,,,,Spirit,,3mm,,Large+,ALC-5438-E,500,,,continue,manual,571.20,,TRUE,TRUE,,,,,,,,
alpha-classic-bk-cushion-liner,,,,,,,,,Spirit,,6mm,,Medium,ALC-5460-E,500,,,continue,manual,571.20,,TRUE,TRUE,,,,,,,,
alpha-classic-bk-cushion-liner,,,,,,,,,Spirit,,6mm,,Medium+,ALC-5464-E,500,,,continue,manual,571.20,,TRUE,TRUE,,,,,,,,
alpha-classic-bk-cushion-liner,,,,,,,,,Spirit,,6mm,,Large,ALC-5466-E,500,,,continue,manual,571.20,,TRUE,TRUE,,,,,,,,
alpha-classic-bk-cushion-liner,,,,,,,,,Spirit,,6mm,,X-Large,ALC-5467-E,500,,,continue,manual,571.20,,TRUE,TRUE,,,,,,,,
alpha-classic-bk-cushion-liner,,,,,,,,,Spirit,,6mm,,Large+,ALC-5468-E,500,,,continue,manual,571.20,,TRUE,TRUE,,,,,,,,
alpha-classic-bk-cushion-liner,,,,,,,,,Spirit,,9mm,,Medium,ALC-5490-E,500,,,continue,manual,571.20,,TRUE,TRUE,,,,,,,,
alpha-classic-bk-cushion-liner,,,,,,,,,Spirit,,9mm,,Medium+,ALC-5494-E,500,,,continue,manual,571.20,,TRUE,TRUE,,,,,,,,
alpha-classic-bk-cushion-liner,,,,,,,,,Spirit,,9mm,,Large,ALC-5496-E,500,,,continue,manual,571.20,,TRUE,TRUE,,,,,,,,
alpha-classic-bk-cushion-liner,,,,,,,,,Spirit,,9mm,,Large+,ALC-5498-E,500,,,continue,manual,571.20,,TRUE,TRUE,,,,,,,,
alpha-classic-bk-cushion-liner,,,,,,,,,MAX,,3mm,,Medium,ALC-5830-X,500,,,continue,manual,571.20,,TRUE,TRUE,,,,,,,,
alpha-classic-bk-cushion-liner,,,,,,,,,MAX,,3mm,,Small,ALC-5833-X,500,,,continue,manual,571.20,,TRUE,TRUE,,,,,,,,
alpha-classic-bk-cushion-liner,,,,,,,,,MAX,,3mm,,Medium+,ALC-5834-X,500,,,continue,manual,571.20,,TRUE,TRUE,,,,,,,,
alpha-classic-bk-cushion-liner,,,,,,,,,MAX,,3mm,,Large,ALC-5836-X,500,,,continue,manual,571.20,,TRUE,TRUE,,,,,,,,
alpha-classic-bk-cushion-liner,,,,,,,,,MAX,,3mm,,X-Large,ALC-5837-X,500,,,continue,manual,571.20,,TRUE,TRUE,,,,,,,,
alpha-classic-bk-cushion-liner,,,,,,,,,MAX,,3mm,,Large+,ALC-5838-X,500,,,continue,manual,571.20,,TRUE,TRUE,,,,,,,,
alpha-classic-bk-cushion-liner,,,,,,,,,MAX,,6mm,,Medium,ALC-5860-X,500,,,continue,manual,571.20,,TRUE,TRUE,,,,,,,,
alpha-classic-bk-cushion-liner,,,,,,,,,MAX,,6mm,,Small,ALC-5863-X,500,,,continue,manual,571.20,,TRUE,TRUE,,,,,,,,
alpha-classic-bk-cushion-liner,,,,,,,,,MAX,,6mm,,Medium+,ALC-5864-X,500,,,continue,manual,571.20,,TRUE,TRUE,,,,,,,,
alpha-classic-bk-cushion-liner,,,,,,,,,MAX,,6mm,,Large,ALC-5866-X,500,,,continue,manual,571.20,,TRUE,TRUE,,,,,,,,
alpha-classic-bk-cushion-liner,,,,,,,,,MAX,,6mm,,X-Large,ALC-5867-X,500,,,continue,manual,571.20,,TRUE,TRUE,,,,,,,,
alpha-classic-bk-cushion-liner,,,,,,,,,MAX,,6mm,,Large+,ALC-5868-X,500,,,continue,manual,571.20,,TRUE,TRUE,,,,,,,,
alpha-classic-bk-cushion-liner,,,,,,,,,MAX,,9mm,,Medium,ALC-5890-X,500,,,continue,manual,571.20,,TRUE,TRUE,,,,,,,,
alpha-classic-bk-cushion-liner,,,,,,,,,MAX,,9mm,,Small,ALC-5893-X,500,,,continue,manual,571.20,,TRUE,TRUE,,,,,,,,
alpha-classic-bk-cushion-liner,,,,,,,,,MAX,,9mm,,Medium+,ALC-5894-X,500,,,continue,manual,571.20,,TRUE,TRUE,,,,,,,,
alpha-classic-bk-cushion-liner,,,,,,,,,MAX,,9mm,,Large,ALC-5896-X,500,,,continue,manual,571.20,,TRUE,TRUE,,,,,,,,
alpha-classic-bk-cushion-liner,,,,,,,,,MAX,,9mm,,X-Large,ALC-5897-X,500,,,continue,manual,571.20,,TRUE,TRUE,,,,,,,,
alpha-classic-bk-cushion-liner,,,,,,,,,MAX,,9mm,,Large+,ALC-5898-X,500,,,continue,manual,571.20,,TRUE,TRUE,,,,,,,,
alpha-classic-bk-cushion-liner,,,,,,,,,,,,,,,,,,continue,,,,,,,https://willowwood.com/wp-content/uploads/2024/05/Uniform-Profile.webp,2,Uniform Profile,,,,
alpha-classic-bk-cushion-liner,,,,,,,,,,,,,,,,,,continue,,,,,,,https://willowwood.com/wp-content/uploads/2024/05/Progressive-Profile.webp,3,Progressive Profile,,,,
alpha-classic-bk-locking-liner,Alpha Classic Below-Knee Locking Liner,"<h4>Product Overview</h4><p>The Alpha&reg; Classic Below-Knee (BK) Locking Liner is designed for transtibial prosthesis users who utilize a pin-lock suspension system.</p><p>Constructed from thermoplastic elastomer (TPE) enriched with medical-grade mineral oil and Vitamin E, the Classic Gel formulation features high flow and low rebound properties.</p><p>Below-knee liners are available in 3 mm, 6 mm, and 9 mm gel thickness options, with 3 mm thickness along the posterior (back) aspect of the liner.</p><p>The locking configuration provides secure distal engagement within compatible pin-lock suspension systems.</p><h4>Key Features &amp; Benefits</h4><ul><li>Designed for transtibial (below-knee) prosthesis users</li><li>Compatible with pin-lock suspension systems</li><li>Available in 3 mm, 6 mm, and 9 mm gel thickness options</li><li>3 mm posterior thickness</li><li>Mineral-oil&ndash;based gel with Vitamin E</li><li>High-flow pressure adaptation</li><li>Low rebound durability</li><li>Heat moldable for prosthetic adjustment</li><li>Latex-free and hypoallergenic</li><li>Made in the USA</li></ul><h4>Fabric Options</h4><ul><li><strong>Original Fabric</strong> &ndash; Smooth, durable, supportive</li><li><strong>Spirit Fabric</strong> &ndash; Flexible and easier to don and doff</li><li><strong>MAX Fabric</strong> &ndash; Abrasion-resistant and helps reduce pistoning</li></ul><h4>Specifications</h4><ul><li>Profile: Below-Knee (BK)</li><li>Suspension: Locking (pin compatible)</li><li>Available Gel Thicknesses: 3 mm, 6 mm, 9 mm</li><li>Posterior Thickness: 3 mm</li><li>Umbrella: Standard &ndash; 68.6 mm</li><li>Gel Type: Mineral-oil&ndash;based TPE</li></ul><h4>Measuring Guide</h4><ul><li>Measure circumference at 4 cm and 30 cm from distal end</li><li>Confirm sizing and pin compatibility before ordering</li></ul><h4>Care Instructions</h4><ul><li>Clean daily with lukewarm water and pH-balanced cleanser</li><li>Disinfect weekly with ethyl alcohol spray</li><li>Do not scrub surfaces</li><li>Dry thoroughly before use</li></ul>",WillowWood,,Prosthetic Liner,"liner, locking, below-knee, bk, alpha, willowwood, prosthetic",TRUE,Fabric,Original,Thickness,3mm,Size,Medium,ALL-5130-E,500,,,continue,manual,700.35,,TRUE,TRUE,,https://willowwood.com/wp-content/uploads/2024/04/Alpha-Classic-BKL.webp,1,Alpha Classic BK Locking Liner,FALSE,Alpha Classic Below-Knee Locking Liner | AmpuMe,Shop Alpha Classic Below-Knee Locking Liner at AmpuMe. Quality prosthetic supplies shipped to your door.,active
alpha-classic-bk-locking-liner,,,,,,,,,Original,,3mm,,Small,ALL-5133-E,500,,,continue,manual,700.35,,TRUE,TRUE,,,,,,,,
alpha-classic-bk-locking-liner,,,,,,,,,Original,,3mm,,Medium+,ALL-5134-E,500,,,continue,manual,700.35,,TRUE,TRUE,,,,,,,,
alpha-classic-bk-locking-liner,,,,,,,,,Original,,3mm,,Large,ALL-5136-E,500,,,continue,manual,700.35,,TRUE,TRUE,,,,,,,,
alpha-classic-bk-locking-liner,,,,,,,,,Original,,3mm,,X-Large,ALL-5137-E,500,,,continue,manual,700.35,,TRUE,TRUE,,,,,,,,
alpha-classic-bk-locking-liner,,,,,,,,,Original,,3mm,,Large+,ALL-5138-E,500,,,continue,manual,700.35,,TRUE,TRUE,,,,,,,,
alpha-classic-bk-locking-liner,,,,,,,,,Original,,6mm,,Medium,ALL-5160-E,500,,,continue,manual,700.35,,TRUE,TRUE,,,,,,,,
alpha-classic-bk-locking-liner,,,,,,,,,Original,,6mm,,Small,ALL-5163-E,500,,,continue,manual,700.35,,TRUE,TRUE,,,,,,,,
alpha-classic-bk-locking-liner,,,,,,,,,Original,,6mm,,Medium+,ALL-5164-E,500,,,continue,manual,700.35,,TRUE,TRUE,,,,,,,,
alpha-classic-bk-locking-liner,,,,,,,,,Original,,6mm,,Large,ALL-5166-E,500,,,continue,manual,700.35,,TRUE,TRUE,,,,,,,,
alpha-classic-bk-locking-liner,,,,,,,,,Original,,6mm,,X-Large,ALL-5167-E,500,,,continue,manual,700.35,,TRUE,TRUE,,,,,,,,
alpha-classic-bk-locking-liner,,,,,,,,,Original,,6mm,,Large+,ALL-5168-E,500,,,continue,manual,700.35,,TRUE,TRUE,,,,,,,,
alpha-classic-bk-locking-liner,,,,,,,,,Original,,9mm,,Medium,ALL-5190-E,500,,,continue,manual,700.35,,TRUE,TRUE,,,,,,,,
alpha-classic-bk-locking-liner,,,,,,,,,Original,,9mm,,Small,ALL-5193-E,500,,,continue,manual,700.35,,TRUE,TRUE,,,,,,,,
alpha-classic-bk-locking-liner,,,,,,,,,Original,,9mm,,Medium+,ALL-5194-E,500,,,continue,manual,700.35,,TRUE,TRUE,,,,,,,,
alpha-classic-bk-locking-liner,,,,,,,,,Original,,9mm,,Large,ALL-5196-E,500,,,continue,manual,700.35,,TRUE,TRUE,,,,,,,,
alpha-classic-bk-locking-liner,,,,,,,,,Original,,9mm,,X-Large,ALL-5197-E,500,,,continue,manual,700.35,,TRUE,TRUE,,,,,,,,
alpha-classic-bk-locking-liner,,,,,,,,,Original,,9mm,,Large+,ALL-5198-E,500,,,continue,manual,700.35,,TRUE,TRUE,,,,,,,,
alpha-classic-bk-locking-liner,,,,,,,,,Spirit,,3mm,,Medium,ALL-5430-E,500,,,continue,manual,700.35,,TRUE,TRUE,,,,,,,,
alpha-classic-bk-locking-liner,,,,,,,,,Spirit,,3mm,,Small,ALL-5433-E,500,,,continue,manual,700.35,,TRUE,TRUE,,,,,,,,
alpha-classic-bk-locking-liner,,,,,,,,,Spirit,,3mm,,Medium+,ALL-5434-E,500,,,continue,manual,700.35,,TRUE,TRUE,,,,,,,,
alpha-classic-bk-locking-liner,,,,,,,,,Spirit,,3mm,,Large,ALL-5436-E,500,,,continue,manual,700.35,,TRUE,TRUE,,,,,,,,
alpha-classic-bk-locking-liner,,,,,,,,,Spirit,,3mm,,X-Large,ALL-5437-E,500,,,continue,manual,700.35,,TRUE,TRUE,,,,,,,,
alpha-classic-bk-locking-liner,,,,,,,,,Spirit,,3mm,,Large+,ALL-5438-E,500,,,continue,manual,700.35,,TRUE,TRUE,,,,,,,,
alpha-classic-bk-locking-liner,,,,,,,,,Spirit,,6mm,,Medium,ALL-5460-E,500,,,continue,manual,700.35,,TRUE,TRUE,,,,,,,,
alpha-classic-bk-locking-liner,,,,,,,,,Spirit,,6mm,,Small,ALL-5463-E,500,,,continue,manual,700.35,,TRUE,TRUE,,,,,,,,
alpha-classic-bk-locking-liner,,,,,,,,,Spirit,,6mm,,Medium+,ALL-5464-E,500,,,continue,manual,700.35,,TRUE,TRUE,,,,,,,,
alpha-classic-bk-locking-liner,,,,,,,,,Spirit,,6mm,,Large,ALL-5466-E,500,,,continue,manual,700.35,,TRUE,TRUE,,,,,,,,
alpha-classic-bk-locking-liner,,,,,,,,,Spirit,,6mm,,X-Large,ALL-5467-E,500,,,continue,manual,700.35,,TRUE,TRUE,,,,,,,,
alpha-classic-bk-locking-liner,,,,,,,,,Spirit,,6mm,,Large+,ALL-5468-E,500,,,continue,manual,700.35,,TRUE,TRUE,,,,,,,,
alpha-classic-bk-locking-liner,,,,,,,,,Spirit,,9mm,,Medium,ALL-5490-E,500,,,continue,manual,700.35,,TRUE,TRUE,,,,,,,,
alpha-classic-bk-locking-liner,,,,,,,,,Spirit,,9mm,,Medium+,ALL-5494-E,500,,,continue,manual,700.35,,TRUE,TRUE,,,,,,,,
alpha-classic-bk-locking-liner,,,,,,,,,Spirit,,9mm,,Large,ALL-5496-E,500,,,continue,manual,700.35,,TRUE,TRUE,,,,,,,,
alpha-classic-bk-locking-liner,,,,,,,,,Spirit,,9mm,,Large+,ALL-5498-E,500,,,continue,manual,700.35,,TRUE,TRUE,,,,,,,,
alpha-classic-bk-locking-liner,,,,,,,,,MAX,,3mm,,Medium,ALL-5830-X,500,,,continue,manual,700.35,,TRUE,TRUE,,,,,,,,
alpha-classic-bk-locking-liner,,,,,,,,,MAX,,3mm,,Small,ALL-5833-X,500,,,continue,manual,700.35,,TRUE,TRUE,,,,,,,,
alpha-classic-bk-locking-liner,,,,,,,,,MAX,,3mm,,Medium+,ALL-5834-X,500,,,continue,manual,700.35,,TRUE,TRUE,,,,,,,,
alpha-classic-bk-locking-liner,,,,,,,,,MAX,,3mm,,Large,ALL-5836-X,500,,,continue,manual,700.35,,TRUE,TRUE,,,,,,,,
alpha-classic-bk-locking-liner,,,,,,,,,MAX,,3mm,,X-Large,ALL-5837-X,500,,,continue,manual,700.35,,TRUE,TRUE,,,,,,,,
alpha-classic-bk-locking-liner,,,,,,,,,MAX,,3mm,,Large+,ALL-5838-X,500,,,continue,manual,700.35,,TRUE,TRUE,,,,,,,,
alpha-classic-bk-locking-liner,,,,,,,,,MAX,,6mm,,Medium,ALL-5860-X,500,,,continue,manual,700.35,,TRUE,TRUE,,,,,,,,
alpha-classic-bk-locking-liner,,,,,,,,,MAX,,6mm,,Small,ALL-5863-X,500,,,continue,manual,700.35,,TRUE,TRUE,,,,,,,,
alpha-classic-bk-locking-liner,,,,,,,,,MAX,,6mm,,Medium+,ALL-5864-X,500,,,continue,manual,700.35,,TRUE,TRUE,,,,,,,,
alpha-classic-bk-locking-liner,,,,,,,,,MAX,,6mm,,Large,ALL-5866-X,500,,,continue,manual,700.35,,TRUE,TRUE,,,,,,,,
alpha-classic-bk-locking-liner,,,,,,,,,MAX,,6mm,,X-Large,ALL-5867-X,500,,,continue,manual,700.35,,TRUE,TRUE,,,,,,,,
alpha-classic-bk-locking-liner,,,,,,,,,MAX,,6mm,,Large+,ALL-5868-X,500,,,continue,manual,700.35,,TRUE,TRUE,,,,,,,,
alpha-classic-bk-locking-liner,,,,,,,,,MAX,,9mm,,Medium,ALL-5890-X,500,,,continue,manual,700.35,,TRUE,TRUE,,,,,,,,
alpha-classic-bk-locking-liner,,,,,,,,,MAX,,9mm,,Small,ALL-5893-X,500,,,continue,manual,700.35,,TRUE,TRUE,,,,,,,,
alpha-classic-bk-locking-liner,,,,,,,,,MAX,,9mm,,Medium+,ALL-5894-X,500,,,continue,manual,700.35,,TRUE,TRUE,,,,,,,,
alpha-classic-bk-locking-liner,,,,,,,,,MAX,,9mm,,Large,ALL-5896-X,500,,,continue,manual,700.35,,TRUE,TRUE,,,,,,,,
alpha-classic-bk-locking-liner,,,,,,,,,MAX,,9mm,,X-Large,ALL-5897-X,500,,,continue,manual,700.35,,TRUE,TRUE,,,,,,,,
alpha-classic-bk-locking-liner,,,,,,,,,MAX,,9mm,,Large+,ALL-5898-X,500,,,continue,manual,700.35,,TRUE,TRUE,,,,,,,,
alpha-classic-bk-locking-liner,,,,,,,,,,,,,,,,,,continue,,,,,,,https://willowwood.com/wp-content/uploads/2024/05/Uniform-Profile.webp,2,Uniform Profile,,,,
alpha-classic-bk-locking-liner,,,,,,,,,,,,,,,,,,continue,,,,,,,https://willowwood.com/wp-content/uploads/2024/05/Progressive-Profile.webp,3,Progressive Profile,,,,
easyliner-gel-liner,EasyLiner Prosthetic Liner,"<h4>Product Overview</h4><p>The EasyLiner&reg; Prosthetic Liner is designed to provide comfort, skin protection, and dependable suspension for lower-limb prosthesis users. Engineered with a soft gel interface and durable outer fabric, the EasyLiner helps distribute pressure evenly while enhancing socket fit and daily wear comfort.</p><p>The gel formulation adapts to the residual limb to help reduce localized pressure points and shear forces. Its flexible design promotes easier donning and doffing while maintaining a secure interface within the prosthetic socket.</p><p>EasyLiner is available in Cushion and Locking configurations and multiple thickness options to accommodate varying user needs.</p><h4>Key Features &amp; Benefits</h4><ul><li>Designed for lower-limb prosthesis users</li><li>Contains antioxidants effective for amputees with adherent scar tissue, skin irritation, sensitive skin, and diabetics</li><li>Recommended for K1&ndash;K4 activity levels</li><li>Available in Cushion and Locking styles</li><li>Multiple thickness options available</li><li>Delicately conforms to the shape of the residual limb without restricting blood flow</li><li>Locking version features a Reinforced Matrix to prevent distal pistoning</li><li>High capacity to absorb vertical and shear forces</li><li>Low coefficient of static friction relieves skin from shear stress</li><li>Easy to don, even for patients with reduced manual dexterity</li></ul><h4>Specifications</h4><ul><li>Application: Below-Knee (Transtibial) and Above-Knee</li><li>Suspension Options: Cushion or Locking (pin compatible)</li><li>Available Thickness Options: 3mm, 6mm, 9mm</li><li>Tapered profile available by special order</li></ul><h4>Measuring Guide</h4><ul><li>Measure the circumference of the residual limb at 6 cm above the distal end</li><li>Consult your prosthetist to confirm sizing</li></ul><h4>Care Instructions</h4><ul><li>Clean the gel side daily using lukewarm water and a pH-balanced prosthetic cleanser</li><li>Rinse thoroughly and dry with a lint-free cloth</li><li>Allow liner to air dry completely before use</li><li>Disinfect weekly using an alcohol-based spray</li><li>Do not scrub gel or fabric surfaces</li></ul>",ALPS,,Prosthetic Liner,"liner, locking, cushion, ak, bk, easyliner, alps, prosthetic",TRUE,Suspension,Locking,Thickness,3mm,Size,16cm,ELDT-16-3HP,500,,,continue,manual,428.93,,TRUE,TRUE,,https://easyliner.com/wp-content/uploads/2022/06/easyliner-1.png,1,EasyLiner Prosthetic Liner,FALSE,EasyLiner Prosthetic Liner | AmpuMe,Shop EasyLiner Prosthetic Liner at AmpuMe. Quality prosthetic supplies shipped to your door.,active
easyliner-gel-liner,,,,,,,,,Locking,,6mm,,16cm,ELDT-16-6HP,500,,,continue,manual,428.93,,TRUE,TRUE,,,,,,,,
easyliner-gel-liner,,,,,,,,,Locking,,3mm,,20cm,ELDT-20-3HP,500,,,continue,manual,428.93,,TRUE,TRUE,,,,,,,,
easyliner-gel-liner,,,,,,,,,Locking,,6mm,,20cm,ELDT-20-6HP,500,,,continue,manual,428.93,,TRUE,TRUE,,,,,,,,
easyliner-gel-liner,,,,,,,,,Locking,,3mm,,24cm,ELDT-24-3HP,500,,,continue,manual,428.93,,TRUE,TRUE,,,,,,,,
easyliner-gel-liner,,,,,,,,,Locking,,6mm,,24cm,ELDT-24-6HP,500,,,continue,manual,428.93,,TRUE,TRUE,,,,,,,,
easyliner-gel-liner,,,,,,,,,Locking,,9mm,,24cm,ELDT-24-9,500,,,continue,manual,428.93,,TRUE,TRUE,,,,,,,,
easyliner-gel-liner,,,,,,,,,Locking,,3mm,,26cm,ELDT-26-3HP,500,,,continue,manual,428.93,,TRUE,TRUE,,,,,,,,
easyliner-gel-liner,,,,,,,,,Locking,,6mm,,26cm,ELDT-26-6HP,500,,,continue,manual,428.93,,TRUE,TRUE,,,,,,,,
easyliner-gel-liner,,,,,,,,,Locking,,3mm,,28cm,ELDT-28-3HP,500,,,continue,manual,428.93,,TRUE,TRUE,,,,,,,,
easyliner-gel-liner,,,,,,,,,Locking,,6mm,,28cm,ELDT-28-6HP,500,,,continue,manual,428.93,,TRUE,TRUE,,,,,,,,
easyliner-gel-liner,,,,,,,,,Locking,,9mm,,28cm,ELDT-28-9,500,,,continue,manual,428.93,,TRUE,TRUE,,,,,,,,
easyliner-gel-liner,,,,,,,,,Locking,,3mm,,32cm,ELDT-32-3HP,500,,,continue,manual,428.93,,TRUE,TRUE,,,,,,,,
easyliner-gel-liner,,,,,,,,,Locking,,6mm,,32cm,ELDT-32-6HP,500,,,continue,manual,428.93,,TRUE,TRUE,,,,,,,,
easyliner-gel-liner,,,,,,,,,Locking,,3mm,,38cm,ELDT-38-3HP,500,,,continue,manual,428.93,,TRUE,TRUE,,,,,,,,
easyliner-gel-liner,,,,,,,,,Locking,,6mm,,38cm,ELDT-38-6HP,500,,,continue,manual,428.93,,TRUE,TRUE,,,,,,,,
easyliner-gel-liner,,,,,,,,,Locking,,3mm,,44cm,ELDT-44-3HP,500,,,continue,manual,428.93,,TRUE,TRUE,,,,,,,,
easyliner-gel-liner,,,,,,,,,Locking,,6mm,,44cm,ELDT-44-6HP,500,,,continue,manual,428.93,,TRUE,TRUE,,,,,,,,
easyliner-gel-liner,,,,,,,,,Locking,,3mm,,35cm,ELDT35-3 HP,500,,,continue,manual,428.93,,TRUE,TRUE,,,,,,,,
easyliner-gel-liner,,,,,,,,,Locking,,6mm,,35cm,ELDT35-6 HP,500,,,continue,manual,428.93,,TRUE,TRUE,,,,,,,,
easyliner-gel-liner,,,,,,,,,Cushion,,3mm,,10cm,ELFR-10-3,500,,,continue,manual,428.93,,TRUE,TRUE,,,,,,,,
easyliner-gel-liner,,,,,,,,,Cushion,,6mm,,10cm,ELFR-10-6,500,,,continue,manual,428.93,,TRUE,TRUE,,,,,,,,
easyliner-gel-liner,,,,,,,,,Cushion,,3mm,,16cm,ELFR-16-3,500,,,continue,manual,428.93,,TRUE,TRUE,,,,,,,,
easyliner-gel-liner,,,,,,,,,Cushion,,6mm,,16cm,ELFR-16-6,500,,,continue,manual,428.93,,TRUE,TRUE,,,,,,,,
easyliner-gel-liner,,,,,,,,,Cushion,,3mm,,20cm,ELFR-20-3,500,,,continue,manual,428.93,,TRUE,TRUE,,,,,,,,
easyliner-gel-liner,,,,,,,,,Cushion,,6mm,,20cm,ELFR-20-6,500,,,continue,manual,428.93,,TRUE,TRUE,,,,,,,,
easyliner-gel-liner,,,,,,,,,Cushion,,3mm,,24cm,ELFR-24-3,500,,,continue,manual,428.93,,TRUE,TRUE,,,,,,,,
easyliner-gel-liner,,,,,,,,,Cushion,,6mm,,24cm,ELFR-24-6,500,,,continue,manual,428.93,,TRUE,TRUE,,,,,,,,
easyliner-gel-liner,,,,,,,,,Cushion,,9mm,,24cm,ELFR-24-9,500,,,continue,manual,428.93,,TRUE,TRUE,,,,,,,,
easyliner-gel-liner,,,,,,,,,Cushion,,3mm,,26cm,ELFR-26-3,500,,,continue,manual,428.93,,TRUE,TRUE,,,,,,,,
easyliner-gel-liner,,,,,,,,,Cushion,,6mm,,26cm,ELFR-26-6,500,,,continue,manual,428.93,,TRUE,TRUE,,,,,,,,
easyliner-gel-liner,,,,,,,,,Cushion,,3mm,,28cm,ELFR-28-3,500,,,continue,manual,428.93,,TRUE,TRUE,,,,,,,,
easyliner-gel-liner,,,,,,,,,Cushion,,6mm,,28cm,ELFR-28-6,500,,,continue,manual,428.93,,TRUE,TRUE,,,,,,,,
easyliner-gel-liner,,,,,,,,,Cushion,,9mm,,28cm,ELFR-28-9,500,,,continue,manual,428.93,,TRUE,TRUE,,,,,,,,
easyliner-gel-liner,,,,,,,,,Cushion,,3mm,,32cm,ELFR-32-3,500,,,continue,manual,428.93,,TRUE,TRUE,,,,,,,,
easyliner-gel-liner,,,,,,,,,Cushion,,6mm,,32cm,ELFR-32-6,500,,,continue,manual,428.93,,TRUE,TRUE,,,,,,,,
easyliner-gel-liner,,,,,,,,,Cushion,,3mm,,38cm,ELFR-38-3,500,,,continue,manual,428.93,,TRUE,TRUE,,,,,,,,
easyliner-gel-liner,,,,,,,,,Cushion,,6mm,,38cm,ELFR-38-6 HP,500,,,continue,manual,451.50,,TRUE,TRUE,,,,,,,,
easyliner-gel-liner,,,,,,,,,Cushion,,3mm,,44cm,ELFR-44-3,500,,,continue,manual,428.93,,TRUE,TRUE,,,,,,,,
easyliner-gel-liner,,,,,,,,,Cushion,,6mm,,44cm,ELFR-44-6,500,,,continue,manual,428.93,,TRUE,TRUE,,,,,,,,
easyliner-gel-liner,,,,,,,,,Cushion,,3mm,,35cm,ELFR35-3 HP,500,,,continue,manual,428.93,,TRUE,TRUE,,,,,,,,
easyliner-gel-liner,,,,,,,,,Cushion,,6mm,,35cm,ELFR35-6 HP,500,,,continue,manual,428.93,,TRUE,TRUE,,,,,,,,
general-purpose-liner,ALPS General Purpose Prosthetic Liner,"<h4>Product Overview</h4><p>The ALPS&reg; General Purpose Prosthetic Liner is designed to provide comfortable socket fit, reliable suspension, and adaptable cushioning for a wide variety of prosthesis users. Made with ALPS Grip Gel, this liner ensures optimum adhesion while comfortably conforming to the shape of the residual limb.</p><p>The softer durometer Grip Gel is engineered for easier application, making it especially suitable for individuals with reduced hand dexterity. The liner elongates and gently conforms during ambulation, helping to reduce the potential for blood flow restriction.</p><p>Recommended for users with low activity levels, healthy skin conditions, irregular limb shapes, and bony prominences requiring added protection.</p><h4>Key Features &amp; Benefits</h4><ul><li>Available for Above-Knee (AK) and Below-Knee (BK) users</li><li>Conforms to the residual limb shape over time</li><li>Grip Gel provides reliable adhesion between limb and prosthesis</li><li>Protects bony prominences</li><li>Engineered for irregularly shaped residual limbs</li><li>Soft durometer gel for easier donning</li><li>Available in 3mm and 6mm uniform thicknesses</li><li>Available in Cushion and Locking configurations</li><li>Premium seamless knit outer covering</li><li>Latex-free and hypoallergenic</li><li>Made in the USA</li></ul><h4>Gel Technology</h4><p>Constructed from ALPS Grip Gel (Thermoplastic Elastomer &ndash; TPE). The tackiness of Grip Gel helps reduce bunching in the popliteal area while ensuring ideal adhesion. The gel provides softness, strength, and cushioning, helping relieve the residual limb from stress generated by vertical and shear forces.</p><h4>Fabric Technology</h4><p>The seamless beige knit outer fabric offers both vertical and horizontal stretch. Its superior elongation allows the liner to conform gently to the residual limb while helping minimize circulatory restriction.</p><h4>Specifications</h4><ul><li>Amputation Level: Above-Knee (AK) and Below-Knee (BK)</li><li>Activity Level: Recommended for K1&ndash;K4</li><li>Gel Type: ALPS Grip Gel (TPE)</li><li>Thickness Options: 3mm or 6mm Uniform</li><li>Fabric: Seamless Beige Knit</li><li>Suspension: Cushion or Locking (Reinforced Matrix)</li></ul><h4>Measuring Guide</h4><ul><li>Measure the circumference of the residual limb at 6 cm above the distal end</li><li>Consult your prosthetist to confirm sizing prior to ordering</li></ul><h4>Care Instructions</h4><ul><li>Clean gel side daily using lukewarm water and a pH-balanced prosthetic cleanser</li><li>Do not scrub gel or fabric surfaces</li><li>Rinse thoroughly and dry with a lint-free cloth</li><li>Disinfect weekly using ethyl alcohol spray, rinse, and dry</li><li>Avoid animal-based lotions or powders, as they may damage the liner</li></ul>",ALPS,,Prosthetic Liner,"liner, locking, cushion, ak, bk, general-purpose, alps, prosthetic",TRUE,Suspension,Locking,Thickness,3mm,Size,X-Large,GPDT-XL,500,,,continue,manual,418.95,,TRUE,TRUE,,https://easyliner.com/wp-content/uploads/2022/06/General-Purpose-1.png,1,ALPS General Purpose Prosthetic Liner,FALSE,ALPS General Purpose Prosthetic Liner | AmpuMe,Shop ALPS General Purpose Prosthetic Liner at AmpuMe. Quality prosthetic supplies shipped to your door.,active
general-purpose-liner,,,,,,,,,Locking,,3mm,,16cm,GPDT16-3,500,,,continue,manual,339.15,,TRUE,TRUE,,,,,,,,
general-purpose-liner,,,,,,,,,Locking,,6mm,,16cm,GPDT16-6,500,,,continue,manual,339.15,,TRUE,TRUE,,,,,,,,
general-purpose-liner,,,,,,,,,Locking,,3mm,,20cm,GPDT20-3,500,,,continue,manual,339.15,,TRUE,TRUE,,,,,,,,
general-purpose-liner,,,,,,,,,Locking,,6mm,,20cm,GPDT20-6,500,,,continue,manual,339.15,,TRUE,TRUE,,,,,,,,
general-purpose-liner,,,,,,,,,Locking,,3mm,,24cm,GPDT24-3,500,,,continue,manual,339.15,,TRUE,TRUE,,,,,,,,
general-purpose-liner,,,,,,,,,Locking,,6mm,,24cm,GPDT24-6,500,,,continue,manual,339.15,,TRUE,TRUE,,,,,,,,
general-purpose-liner,,,,,,,,,Locking,,3mm,,26cm,GPDT26-3,500,,,continue,manual,339.15,,TRUE,TRUE,,,,,,,,
general-purpose-liner,,,,,,,,,Locking,,6mm,,26cm,GPDT26-6,500,,,continue,manual,339.15,,TRUE,TRUE,,,,,,,,
general-purpose-liner,,,,,,,,,Locking,,3mm,,28cm,GPDT28-3,500,,,continue,manual,339.15,,TRUE,TRUE,,,,,,,,
general-purpose-liner,,,,,,,,,Locking,,6mm,,28cm,GPDT28-6,500,,,continue,manual,339.15,,TRUE,TRUE,,,,,,,,
general-purpose-liner,,,,,,,,,Locking,,3mm,,32cm,GPDT32-3,500,,,continue,manual,339.15,,TRUE,TRUE,,,,,,,,
general-purpose-liner,,,,,,,,,Locking,,6mm,,32cm,GPDT32-6,500,,,continue,manual,339.15,,TRUE,TRUE,,,,,,,,
general-purpose-liner,,,,,,,,,Locking,,3mm,,35cm,GPDT35-3,500,,,continue,manual,339.15,,TRUE,TRUE,,,,,,,,
general-purpose-liner,,,,,,,,,Locking,,6mm,,35cm,GPDT35-6,500,,,continue,manual,339.15,,TRUE,TRUE,,,,,,,,
general-purpose-liner,,,,,,,,,Locking,,3mm,,38cm,GPDT38-3,500,,,continue,manual,339.15,,TRUE,TRUE,,,,,,,,
general-purpose-liner,,,,,,,,,Locking,,6mm,,38cm,GPDT38-6,500,,,continue,manual,339.15,,TRUE,TRUE,,,,,,,,
general-purpose-liner,,,,,,,,,Locking,,3mm,,44cm,GPDT44-3,500,,,continue,manual,339.15,,TRUE,TRUE,,,,,,,,
general-purpose-liner,,,,,,,,,Locking,,6mm,,44cm,GPDT44-6,500,,,continue,manual,339.15,,TRUE,TRUE,,,,,,,,
general-purpose-liner,,,,,,,,,Cushion,,3mm,,16cm,GPFR16-3,500,,,continue,manual,339.15,,TRUE,TRUE,,,,,,,,
general-purpose-liner,,,,,,,,,Cushion,,6mm,,16cm,GPFR16-6,500,,,continue,manual,339.15,,TRUE,TRUE,,,,,,,,
general-purpose-liner,,,,,,,,,Cushion,,3mm,,20cm,GPFR20-3,500,,,continue,manual,339.15,,TRUE,TRUE,,,,,,,,
general-purpose-liner,,,,,,,,,Cushion,,6mm,,20cm,GPFR20-6,500,,,continue,manual,339.15,,TRUE,TRUE,,,,,,,,
general-purpose-liner,,,,,,,,,Cushion,,3mm,,24cm,GPFR24-3,500,,,continue,manual,339.15,,TRUE,TRUE,,,,,,,,
general-purpose-liner,,,,,,,,,Cushion,,6mm,,24cm,GPFR24-6,500,,,continue,manual,339.15,,TRUE,TRUE,,,,,,,,
general-purpose-liner,,,,,,,,,Cushion,,3mm,,26cm,GPFR26-3,500,,,continue,manual,339.15,,TRUE,TRUE,,,,,,,,
general-purpose-liner,,,,,,,,,Cushion,,6mm,,26cm,GPFR26-6,500,,,continue,manual,339.15,,TRUE,TRUE,,,,,,,,
general-purpose-liner,,,,,,,,,Cushion,,3mm,,28cm,GPFR28-3,500,,,continue,manual,339.15,,TRUE,TRUE,,,,,,,,
general-purpose-liner,,,,,,,,,Cushion,,6mm,,28cm,GPFR28-6,500,,,continue,manual,339.15,,TRUE,TRUE,,,,,,,,
general-purpose-liner,,,,,,,,,Cushion,,3mm,,32cm,GPFR32-3,500,,,continue,manual,339.15,,TRUE,TRUE,,,,,,,,
general-purpose-liner,,,,,,,,,Cushion,,6mm,,32cm,GPFR32-6,500,,,continue,manual,339.15,,TRUE,TRUE,,,,,,,,
general-purpose-liner,,,,,,,,,Cushion,,3mm,,35cm,GPFR35-3,500,,,continue,manual,339.15,,TRUE,TRUE,,,,,,,,
general-purpose-liner,,,,,,,,,Cushion,,6mm,,35cm,GPFR35-6,500,,,continue,manual,339.15,,TRUE,TRUE,,,,,,,,
general-purpose-liner,,,,,,,,,Cushion,,3mm,,38cm,GPFR38-3,500,,,continue,manual,339.15,,TRUE,TRUE,,,,,,,,
general-purpose-liner,,,,,,,,,Cushion,,6mm,,38cm,GPFR38-6,500,,,continue,manual,339.15,,TRUE,TRUE,,,,,,,,
general-purpose-liner,,,,,,,,,Cushion,,3mm,,44cm,GPFR44-3,500,,,continue,manual,339.15,,TRUE,TRUE,,,,,,,,
general-purpose-liner,,,,,,,,,Cushion,,6mm,,44cm,GPFR44-6,500,,,continue,manual,339.15,,TRUE,TRUE,,,,,,,,
knit-rite-prosthetic-sock,Knit-Rite Prosthetic Sock (3-Pack),"<h4>Product Overview</h4><p>The Knit-Rite Prosthetic Sock is a comfortable, durable sock designed for use between the residual limb and prosthetic liner or socket. Available in multiple ply weights and sizes to help manage volume changes throughout the day.</p><h4>Key Features</h4><ul><li>Sold in convenient 3-packs</li><li>Available in 3-Ply, 5-Ply, and Lightweight options</li><li>Multiple lengths and widths for optimal fit</li><li>Available with or without hole for pin-lock systems</li><li>Soft, breathable knit construction</li></ul>",Knit-Rite,,Prosthetic Sock,"sock, prosthetic, knit-rite, s3, 3-pack",TRUE,Length,Medium,Ply,3-Ply,Style,Regular w/ Hole,1S33SRMD,200,,,continue,manual,68.78,,TRUE,TRUE,,https://www.spsco.com/media/catalog/product/1/s/1s3_sock_image_main.jpg,1,Knit-Rite S3 Prosthetic Sock,FALSE,Knit-Rite Prosthetic Sock (3-Pack) | AmpuMe,Shop Knit-Rite Prosthetic Sock (3-Pack) at AmpuMe. Quality prosthetic supplies shipped to your door.,active
knit-rite-prosthetic-sock,,,,,,,,,Medium,,3-Ply,,Wide w/ Hole,1S33SWMD,200,,,continue,manual,68.78,,TRUE,TRUE,,,,,,,,
knit-rite-prosthetic-sock,,,,,,,,,Medium,,3-Ply,,Narrow w/ Hole,1S33SNMD,200,,,continue,manual,68.78,,TRUE,TRUE,,,,,,,,
knit-rite-prosthetic-sock,,,,,,,,,Medium,,5-Ply,,Narrow w/ Hole,1S35SNMD,200,,,continue,manual,68.78,,TRUE,TRUE,,,,,,,,
knit-rite-prosthetic-sock,,,,,,,,,Medium,,5-Ply,,Regular w/ Hole,1S35SRMD,200,,,continue,manual,68.78,,TRUE,TRUE,,,,,,,,
knit-rite-prosthetic-sock,,,,,,,,,Medium,,5-Ply,,Wide w/ Hole,1S35SWMD,200,,,continue,manual,68.78,,TRUE,TRUE,,,,,,,,
knit-rite-prosthetic-sock,,,,,,,,,Medium,,Lightweight,,Narrow w/ Hole,1S3SNAMD,200,,,continue,manual,68.78,,TRUE,TRUE,,,,,,,,
knit-rite-prosthetic-sock,,,,,,,,,Medium,,Lightweight,,Regular w/ Hole,1S3SRGMD,200,,,continue,manual,68.78,,TRUE,TRUE,,,,,,,,
knit-rite-prosthetic-sock,,,,,,,,,Medium,,Lightweight,,Wide w/ Hole,1S3SWDMD,200,,,continue,manual,68.78,,TRUE,TRUE,,,,,,,,
knit-rite-prosthetic-sock,,,,,,,,,Short,,3-Ply,,Regular w/ Hole,1S33SRSH,200,,,continue,manual,68.78,,TRUE,TRUE,,,,,,,,
knit-rite-prosthetic-sock,,,,,,,,,Short,,3-Ply,,Wide w/ Hole,1S33SWSH,200,,,continue,manual,68.78,,TRUE,TRUE,,,,,,,,
knit-rite-prosthetic-sock,,,,,,,,,Short,,3-Ply,,Narrow w/ Hole,1S33SNSH,200,,,continue,manual,68.78,,TRUE,TRUE,,,,,,,,
knit-rite-prosthetic-sock,,,,,,,,,Short,,5-Ply,,Wide w/ Hole,1S35SWSH,200,,,continue,manual,68.78,,TRUE,TRUE,,,,,,,,
knit-rite-prosthetic-sock,,,,,,,,,Short,,5-Ply,,Regular w/ Hole,1S35SRSH,200,,,continue,manual,68.78,,TRUE,TRUE,,,,,,,,
knit-rite-prosthetic-sock,,,,,,,,,Short,,5-Ply,,Narrow w/ Hole,1S35SNSH,200,,,continue,manual,68.78,,TRUE,TRUE,,,,,,,,
knit-rite-prosthetic-sock,,,,,,,,,Short,,Lightweight,,Regular w/ Hole,1S3SRGSH,200,,,continue,manual,68.78,,TRUE,TRUE,,,,,,,,
knit-rite-prosthetic-sock,,,,,,,,,Short,,Lightweight,,Narrow w/ Hole,1S3SNASH,200,,,continue,manual,68.78,,TRUE,TRUE,,,,,,,,
knit-rite-prosthetic-sock,,,,,,,,,Short,,Lightweight,,Wide w/ Hole,1S3SWDSH,200,,,continue,manual,68.78,,TRUE,TRUE,,,,,,,,
knit-rite-prosthetic-sock,,,,,,,,,Medium,,3-Ply,,Narrow,1S33NAMD,200,,,continue,manual,68.78,,TRUE,TRUE,,,,,,,,
knit-rite-prosthetic-sock,,,,,,,,,Medium,,5-Ply,,Wide,1S35WDMD,200,,,continue,manual,68.78,,TRUE,TRUE,,,,,,,,
knit-rite-prosthetic-sock,,,,,,,,,Medium,,3-Ply,,Regular,1S33RGMD,200,,,continue,manual,68.78,,TRUE,TRUE,,,,,,,,
knit-rite-prosthetic-sock,,,,,,,,,Medium,,3-Ply,,Wide,1S33WDMD,200,,,continue,manual,68.78,,TRUE,TRUE,,,,,,,,
knit-rite-prosthetic-sock,,,,,,,,,Medium,,5-Ply,,Narrow,1S35NAMD,200,,,continue,manual,68.78,,TRUE,TRUE,,,,,,,,
knit-rite-prosthetic-sock,,,,,,,,,Medium,,5-Ply,,Regular,1S35RGMD,200,,,continue,manual,68.78,,TRUE,TRUE,,,,,,,,
knit-rite-prosthetic-sock,,,,,,,,,Medium,,Lightweight,,Wide,1S31WDMD,200,,,continue,manual,68.78,,TRUE,TRUE,,,,,,,,
knit-rite-prosthetic-sock,,,,,,,,,Xshort,,3-Ply,,Regular,1S33RGXS,200,,,continue,manual,68.78,,TRUE,TRUE,,,,,,,,
knit-rite-prosthetic-sock,,,,,,,,,Xshort,,5-Ply,,Regular,1S35RGXS,200,,,continue,manual,68.78,,TRUE,TRUE,,,,,,,,
knit-rite-prosthetic-sock,,,,,,,,,Xshort,,3-Ply,,Regular w/ Hole,1S33SRXS,200,,,continue,manual,68.78,,TRUE,TRUE,,,,,,,,
knit-rite-prosthetic-sock,,,,,,,,,Xshort,,5-Ply,,Regular w/ Hole,1S35SRXS,200,,,continue,manual,68.78,,TRUE,TRUE,,,,,,,,
knit-rite-prosthetic-sock,,,,,,,,,Xshort,,Lightweight,,Regular w/ Hole,1S3SRGXS,200,,,continue,manual,68.78,,TRUE,TRUE,,,,,,,,
knit-rite-prosthetic-sock,,,,,,,,,Long,,3-Ply,,Wide w/ Hole,1S33SWLG,200,,,continue,manual,68.78,,TRUE,TRUE,,,,,,,,
knit-rite-prosthetic-sock,,,,,,,,,Long,,5-Ply,,Wide w/ Hole,1S35SWLG,200,,,continue,manual,68.78,,TRUE,TRUE,,,,,,,,
proflex-suspension-sleeve,Ottobock ProFlex Suspension Sleeve,"<h4>Product Overview</h4><p>The Ottobock ProFlex Suspension Sleeve provides secure suspension and a comfortable fit for prosthetic users. Made with flexible, durable material that helps maintain socket connection during daily activities.</p><h4>Key Features</h4><ul><li>Available in 3 colors: Black, Beige, Gray</li><li>3 sizes for optimal fit</li><li>Durable, flexible material</li><li>Provides reliable suspension</li></ul>",Ottobock,,Prosthetic Sleeve,"sleeve, prosthetic, ottobock, proflex, suspension",TRUE,Color,Black,Size,Size 1,,,453A30=1-7,300,,,continue,manual,263.95,,TRUE,TRUE,,https://www.spsco.com/media/catalog/product/p/r/proflex_sleeve_image.jpg,1,Ottobock ProFlex Suspension Sleeve,FALSE,Ottobock ProFlex Suspension Sleeve | AmpuMe,Shop Ottobock ProFlex Suspension Sleeve at AmpuMe. Quality prosthetic supplies shipped to your door.,active
proflex-suspension-sleeve,,,,,,,,,Black,,Size 2,,,453A30=2-7,300,,,continue,manual,263.95,,TRUE,TRUE,,,,,,,,
proflex-suspension-sleeve,,,,,,,,,Black,,Size 3,,,453A30=3-7,300,,,continue,manual,263.95,,TRUE,TRUE,,,,,,,,
proflex-suspension-sleeve,,,,,,,,,Beige,,Size 1,,,453A30=1-0,300,,,continue,manual,263.95,,TRUE,TRUE,,,,,,,,
proflex-suspension-sleeve,,,,,,,,,Beige,,Size 2,,,453A30=2-0,300,,,continue,manual,263.95,,TRUE,TRUE,,,,,,,,
proflex-suspension-sleeve,,,,,,,,,Beige,,Size 3,,,453A30=3-0,300,,,continue,manual,263.95,,TRUE,TRUE,,,,,,,,
proflex-suspension-sleeve,,,,,,,,,Gray,,Size 1,,,453A30=1,300,,,continue,manual,263.95,,TRUE,TRUE,,,,,,,,
proflex-suspension-sleeve,,,,,,,,,Gray,,Size 2,,,453A30=2,300,,,continue,manual,263.95,,TRUE,TRUE,,,,,,,,
proflex-suspension-sleeve,,,,,,,,,Gray,,Size 3,,,453A30=3,300,,,continue,manual,263.95,,TRUE,TRUE,,,,,,,,
alps-prosthetic-antiperspirant,ALPS Prosthetic Antiperspirant (4oz),<h4>Product Overview</h4><p>ALPS Prosthetic Antiperspirant helps manage perspiration between the residual limb and prosthetic liner. This 4oz formula is designed specifically for prosthetic users to improve liner adhesion and comfort.</p><h4>Key Features</h4><ul><li>4oz bottle</li><li>Formulated for prosthetic use</li><li>Helps improve liner adhesion</li><li>Reduces moisture and irritation</li></ul>,ALPS,,Prosthetic Accessory,"accessory, prosthetic, alps, antiperspirant, skin-care",TRUE,Title,Default Title,,,,,ATP008,150,,,continue,manual,13.44,,TRUE,TRUE,,https://www.spsco.com/media/catalog/product/a/l/alps_atp008_new_front.jpg,1,ALPS Prosthetic Antiperspirant,FALSE,ALPS Prosthetic Antiperspirant (4oz) | AmpuMe,Shop ALPS Prosthetic Antiperspirant (4oz) at AmpuMe. Quality prosthetic supplies shipped to your door.,active
alps-prosthetic-skin-lotion,ALPS Prosthetic Skin Lotion for Sensitive Skin (32oz),"<h4>Product Overview</h4><p>ALPS Silicone Skin Lotion is a hypoallergenic moisturizing lotion formulated specifically for amputees with sensitive skin. The 100% silicone-based formula lubricates and protects skin to reduce discomfort, dryness, and irritation caused by prosthetic wear.</p><p>Safe for use with prosthetic sleeves and liners, this lotion helps reduce friction-related blisters and chapping while keeping skin comfortable throughout the day.</p><h4>Key Features</h4><ul><li>Hypoallergenic — no perfumes or dyes</li><li>Safe for prosthetic sleeves and liners (gel, silicone, urethane)</li><li>Reduces friction-related blisters and chapping</li><li>Helps combat tight, uncomfortable skin under prosthetics</li><li>100% silicone-based formula (cyclomethicone and demethicone)</li><li>32 oz bottle</li></ul><h4>Usage</h4><p>Squeeze a few drops onto skin or palm, spread in a thin film. Massage into skin until dry. Apply as needed after cleansing your residual limb.</p><h4>Precautions</h4><ul><li>For external use only</li><li>Avoid contact with eyes</li><li>Do not apply over open wounds or infected areas</li></ul>",ALPS,,Prosthetic Accessory,"accessory, skin care, lotion, alps, prosthetic, sensitive skin",TRUE,Title,Default Title,,,,,SL108,950,,,continue,manual,22.05,,TRUE,TRUE,,https://www.spsco.com/media/catalog/product/a/l/alps_sl108_new_front.jpg,1,ALPS Prosthetic Skin Lotion 32oz Bottle,FALSE,ALPS Prosthetic Skin Lotion for Sensitive Skin | AmpuMe,"Hypoallergenic silicone skin lotion for amputees. Reduces friction, blisters, and chapping. Safe for prosthetic liners.",active
alps-prosthetic-ointment,ALPS Prosthetic Ointment with Vitamins A and D (4oz),"<h4>Product Overview</h4><p>ALPS Prosthetic Ointment with Vitamins A and D is formulated to soothe and protect dry, chapped, and cracked skin caused by prosthetic wear. The gentle formula reduces shear stresses within prosthetic sockets and prevents chafing from excessive sweating.</p><p>Enriched with Vitamins A and D in a base of light mineral oil and petrolatum, this ointment is ideal for nightly application after removing your prosthesis or for use under prosthetic liners during the day.</p><h4>Key Features</h4><ul><li>Soothes and protects dry, chapped, cracked skin</li><li>Reduces shear stresses within prosthetic sockets</li><li>Prevents chafing from excessive sweating</li><li>Gentle formula suitable for sensitive skin</li><li>Vitamins A and D enriched</li><li>4 oz tube with flip cap</li></ul><h4>Usage</h4><p>Apply nightly after removing your prosthesis. Can also be placed in small amounts under prosthetic liners, particularly along the top edge and over prominent bony areas like the fibular head, kneecap, or condyles.</p><h4>Precautions</h4><ul><li>For external use only</li><li>Avoid contact with eyes</li><li>Not recommended for gel or thermoplastic liners as it may cause deterioration over time</li><li>Recommended for silicone and urethane liner materials</li><li>Do not apply to open wounds or infected areas</li></ul>",ALPS,,Prosthetic Accessory,"accessory, skin care, ointment, alps, prosthetic, vitamins",TRUE,Title,Default Title,,,,,PO840,120,,,continue,manual,36.39,,TRUE,TRUE,,https://www.spsco.com/media/catalog/product/a/l/alps_po840_new_front.jpg,1,ALPS Prosthetic Ointment with Vitamins A and D 4oz Tube,FALSE,ALPS Prosthetic Ointment with Vitamins A & D | AmpuMe,"Prosthetic ointment with Vitamins A and D. Soothes dry, chapped skin from prosthetic wear. Safe for silicone and urethane liners.",active
